Sample_ID,Lab_Device,Kit_Lot,True_Status,Ct_Value,Signal_to_Noise,Amplification_Efficiency,Quality_Score,Source,Feature_1,Feature_2,Feature_3,Feature_4,Feature_5,Feature_6,Feature_7,Feature_8,Feature_9,Feature_10,Feature_11,Feature_12
PILOT-001,QuantStudio-5,LOT-PILOT-A,0,38.95,2.15,1.004,0.79,pilot_lab_anonymized,0.4957,0.4802,0.4583,0.5998,0.5424,0.4303,0.4285,0.4469,0.5742,0.2057,0.465,0.3179
PILOT-002,LightCycler480,LOT-PILOT-B,0,39.53,1.762,0.914,0.79,pilot_lab_anonymized,0.4349,0.4487,0.4447,0.6576,0.1963,0.3469,0.5026,0.3083,0.3396,0.5495,0.4309,0.1948
PILOT-003,QuantStudio-5,LOT-PILOT-B,0,37.97,1.135,0.831,0.9,pilot_lab_anonymized,0.6283,0.696,0.4224,0.4945,0.3257,0.2746,0.3178,0.329,0.5141,0.3962,0.4921,0.3954
PILOT-004,QuantStudio-5,LOT-PILOT-A,0,40.08,1.738,0.887,0.707,pilot_lab_anonymized,0.3609,0.4873,0.4998,0.2822,0.5204,0.5641,0.1258,0.6609,0.2905,0.5916,0.52,0.4578
PILOT-005,LightCycler480,LOT-PILOT-B,0,35.03,1.98,0.867,0.773,pilot_lab_anonymized,0.3168,0.494,0.3651,0.5706,0.2754,0.3183,0.7121,0.4029,0.1843,0.4371,0.2403,0.3885
PILOT-006,LightCycler480,LOT-PILOT-B,1,18.61,4.269,0.906,0.766,pilot_lab_anonymized,0.7859,0.6753,0.7821,0.4723,0.8905,0.6773,0.7799,0.6059,0.6757,0.6682,1.0744,0.6762
PILOT-007,QuantStudio-5,LOT-PILOT-B,1,16.99,3.978,0.951,0.807,pilot_lab_anonymized,0.4759,0.5821,0.9021,0.9125,0.9644,0.8308,0.7627,0.8789,0.6882,0.746,0.9482,0.7219
PILOT-008,LightCycler480,LOT-PILOT-B,0,38.8,1.665,0.874,0.836,pilot_lab_anonymized,0.2947,0.356,0.4115,0.657,0.4178,0.2883,0.3317,0.4545,0.5695,0.4636,0.4523,0.2781
PILOT-009,CFX96,LOT-PILOT-A,1,26.53,4.359,0.916,1.0,pilot_lab_anonymized,0.721,1.0122,0.5142,0.6979,0.9167,0.7427,0.703,0.7722,0.884,0.6994,0.7559,0.4657
PILOT-010,QuantStudio-5,LOT-PILOT-A,0,37.18,1.886,0.93,0.941,pilot_lab_anonymized,0.5016,0.4001,0.3714,0.318,0.6089,0.3488,0.4142,0.4527,0.4782,0.5793,0.3607,0.5236
PILOT-011,CFX96,LOT-PILOT-B,1,22.9,3.31,0.883,0.852,pilot_lab_anonymized,0.2965,0.5494,0.915,0.6351,0.6368,0.6041,0.6794,0.5,0.4997,0.5897,0.7108,0.6056
PILOT-012,CFX96,LOT-PILOT-A,1,17.74,3.324,0.875,0.828,pilot_lab_anonymized,0.6611,0.9038,0.8509,0.7035,0.801,0.5846,0.73,0.5895,0.7659,0.7497,0.5857,0.6875
PILOT-013,LightCycler480,LOT-PILOT-A,0,33.11,2.895,0.924,0.937,pilot_lab_anonymized,0.317,0.5288,0.4936,0.6038,0.4717,0.3479,0.4439,0.4684,0.2629,0.4842,0.471,0.2745
PILOT-014,QuantStudio-5,LOT-PILOT-A,1,15.91,4.246,0.964,0.893,pilot_lab_anonymized,0.7155,0.6415,0.8702,0.5574,0.6937,0.704,0.8733,0.3116,0.7605,0.5919,0.7838,0.5275
PILOT-015,QuantStudio-5,LOT-PILOT-A,0,32.98,1.076,0.89,0.939,pilot_lab_anonymized,0.6267,0.5266,0.3252,0.5558,0.2631,0.6202,0.4838,0.5319,0.6539,0.5826,0.355,0.4405
PILOT-016,LightCycler480,LOT-PILOT-A,1,29.85,4.3,0.882,0.988,pilot_lab_anonymized,1.2143,0.8002,0.962,0.3147,0.7044,0.7289,0.6974,0.7485,0.8468,1.0177,0.6667,0.7976
PILOT-017,QuantStudio-5,LOT-PILOT-A,0,31.81,0.917,0.913,0.749,pilot_lab_anonymized,0.5347,0.4282,0.4752,0.5956,0.2492,0.5058,0.5807,0.5473,0.311,0.6341,0.408,0.3142
PILOT-018,QuantStudio-5,LOT-PILOT-B,0,35.05,0.885,0.934,0.625,pilot_lab_anonymized,0.3185,0.5057,0.5311,0.4426,0.4086,0.3762,0.3633,0.3999,0.3989,0.3977,0.3817,0.2678
PILOT-019,CFX96,LOT-PILOT-A,0,43.24,2.13,0.893,0.848,pilot_lab_anonymized,0.3142,0.4626,0.1068,0.474,0.4237,0.4211,0.4884,0.4974,0.5347,0.3183,0.4106,0.4401
PILOT-020,QuantStudio-5,LOT-PILOT-B,0,39.21,1.839,0.903,0.858,pilot_lab_anonymized,0.3357,0.2838,0.5571,0.4373,0.2319,0.4611,0.3767,0.3287,0.423,0.8178,0.3175,0.4598
PILOT-021,QuantStudio-5,LOT-PILOT-A,0,42.23,1.456,0.908,0.879,pilot_lab_anonymized,0.5087,0.3824,0.478,0.5623,0.2984,0.4409,0.3625,0.3366,0.4148,0.3281,0.5793,0.3891
PILOT-022,CFX96,LOT-PILOT-A,0,33.33,0.756,0.866,0.79,pilot_lab_anonymized,0.6019,0.4525,0.679,0.4946,0.4022,0.465,0.6223,0.4596,0.3064,0.3549,0.4169,0.5873
PILOT-023,QuantStudio-5,LOT-PILOT-B,1,21.38,4.672,0.911,0.827,pilot_lab_anonymized,0.5887,0.5917,0.8096,0.8805,0.9365,0.5986,0.8345,0.6013,0.8656,0.7164,0.7396,0.5247
PILOT-024,CFX96,LOT-PILOT-B,0,41.35,1.881,0.892,0.906,pilot_lab_anonymized,0.5231,0.5147,0.3332,0.2368,0.2836,0.6587,0.5064,0.4463,0.5211,0.3981,0.2542,0.3419
PILOT-025,LightCycler480,LOT-PILOT-A,0,31.97,1.816,0.999,0.911,pilot_lab_anonymized,0.5613,0.5702,0.3536,0.3414,0.4649,0.2855,0.5982,0.6093,0.3456,0.4994,0.3788,0.4407
PILOT-026,LightCycler480,LOT-PILOT-A,0,36.79,2.145,0.894,0.983,pilot_lab_anonymized,0.4879,0.4828,0.4987,0.2885,0.3428,0.4278,0.4875,0.4147,0.1984,0.2911,0.6407,0.3354
PILOT-027,LightCycler480,LOT-PILOT-A,0,37.19,2.562,0.943,0.633,pilot_lab_anonymized,0.8383,0.4053,0.4869,0.5361,0.405,0.5444,0.6036,0.5014,0.6575,0.2464,0.344,0.4807
PILOT-028,CFX96,LOT-PILOT-B,0,33.46,1.63,0.939,0.685,pilot_lab_anonymized,0.5142,0.6135,0.3739,0.2475,0.5682,0.3555,0.3426,0.4888,0.3574,0.3843,0.4834,0.441
PILOT-029,QuantStudio-5,LOT-PILOT-B,1,29.99,3.555,0.864,0.996,pilot_lab_anonymized,0.7435,0.6684,0.5382,1.0215,0.8416,0.8826,0.6418,0.542,0.6866,0.7469,0.899,0.7207
PILOT-030,LightCycler480,LOT-PILOT-A,0,41.46,1.731,0.858,0.911,pilot_lab_anonymized,0.5233,0.4924,0.6319,0.461,0.5011,0.2753,0.4886,0.4971,0.3393,0.446,0.449,0.7297
PILOT-031,QuantStudio-5,LOT-PILOT-A,0,38.26,1.552,0.898,0.929,pilot_lab_anonymized,0.3847,0.3584,0.4214,0.5966,0.5087,0.3553,0.3238,0.2401,0.3525,0.5933,0.6297,0.3213
PILOT-032,LightCycler480,LOT-PILOT-A,1,19.01,3.803,0.953,0.822,pilot_lab_anonymized,0.5757,0.7959,0.7622,0.5276,0.8232,0.4644,0.6038,0.6133,0.8397,0.6489,0.6717,0.6222
PILOT-033,LightCycler480,LOT-PILOT-B,1,24.37,3.828,0.891,0.803,pilot_lab_anonymized,0.7774,0.8365,0.6755,0.7443,0.4973,0.812,0.5615,0.8237,0.7628,0.7122,0.6281,0.7648
PILOT-034,CFX96,LOT-PILOT-B,0,32.99,1.286,0.887,0.87,pilot_lab_anonymized,0.5884,0.5392,0.6178,0.5249,0.4963,0.3007,0.5238,0.4126,0.5343,0.3412,0.4419,0.35
PILOT-035,CFX96,LOT-PILOT-B,0,35.73,2.371,0.775,0.756,pilot_lab_anonymized,0.4218,0.4276,0.5839,0.3652,0.4398,0.3607,0.3885,0.5314,0.5371,0.2749,0.3843,0.4566
PILOT-036,LightCycler480,LOT-PILOT-A,1,15.68,3.278,0.9,0.697,pilot_lab_anonymized,0.9056,0.5631,0.5953,0.6057,0.8933,0.7588,0.765,0.8036,0.5796,0.6992,0.6043,0.9194
PILOT-037,LightCycler480,LOT-PILOT-B,0,30.2,1.818,0.936,0.739,pilot_lab_anonymized,0.4049,0.4739,0.4408,0.6369,0.5504,0.4846,0.5057,0.0829,0.4774,0.3547,0.236,0.4663
PILOT-038,QuantStudio-5,LOT-PILOT-B,0,39.22,1.927,0.942,0.862,pilot_lab_anonymized,0.6458,0.3371,0.3393,0.602,0.4999,0.5708,0.4249,0.2907,0.5349,0.6854,0.3218,0.5294
PILOT-039,CFX96,LOT-PILOT-B,1,29.12,3.875,0.941,0.914,pilot_lab_anonymized,0.6568,0.7494,0.9443,0.8202,0.7667,0.7929,0.7322,0.6378,0.9078,0.5142,0.8,0.7576
PILOT-040,CFX96,LOT-PILOT-B,0,30.57,2.98,0.904,1.0,pilot_lab_anonymized,0.5141,0.3886,0.5032,0.6866,0.3094,0.5498,0.46,0.3661,0.4105,0.3443,0.4633,0.409
PILOT-041,QuantStudio-5,LOT-PILOT-B,1,22.88,4.087,0.909,0.887,pilot_lab_anonymized,0.8403,0.6232,0.6913,0.4924,0.8902,0.6693,0.7205,0.707,0.8317,0.9332,0.8814,0.9141
PILOT-042,LightCycler480,LOT-PILOT-A,0,38.09,1.886,0.962,0.897,pilot_lab_anonymized,0.2878,0.4683,0.4095,0.4849,0.4369,0.4324,0.6028,0.3959,0.3304,0.3702,0.6507,0.4973
PILOT-043,QuantStudio-5,LOT-PILOT-B,0,38.88,1.829,0.913,1.0,pilot_lab_anonymized,0.4281,0.4327,0.5153,0.4042,0.4396,0.5313,0.3136,0.35,0.5364,0.5205,0.2394,0.5565
PILOT-044,CFX96,LOT-PILOT-B,1,15.15,3.521,0.805,0.772,pilot_lab_anonymized,1.0248,0.7318,0.5486,0.891,0.9114,0.8098,0.7102,0.6238,0.6767,0.4767,0.3571,0.757
PILOT-045,CFX96,LOT-PILOT-B,0,30.31,1.474,0.971,0.754,pilot_lab_anonymized,0.4544,0.3546,0.6351,0.5832,0.3914,0.5561,0.3018,0.2134,0.2836,0.3335,0.6612,0.4144
PILOT-046,QuantStudio-5,LOT-PILOT-A,1,28.65,4.072,0.866,0.796,pilot_lab_anonymized,0.8262,0.7953,0.6514,0.8575,0.6362,0.7786,0.7823,0.9309,0.7828,0.904,0.501,0.7779
PILOT-047,LightCycler480,LOT-PILOT-A,0,33.49,1.338,0.989,0.84,pilot_lab_anonymized,0.5561,0.1031,0.3018,0.3784,0.2924,0.311,0.2271,0.614,0.4296,0.2462,0.4581,0.4518
PILOT-048,CFX96,LOT-PILOT-A,0,45.0,2.049,1.005,1.0,pilot_lab_anonymized,0.2307,0.4721,0.6193,0.5174,0.4145,0.2919,0.4635,0.5522,0.373,0.4713,0.2531,0.2917
PILOT-049,QuantStudio-5,LOT-PILOT-A,1,22.69,5.087,0.958,0.815,pilot_lab_anonymized,0.758,0.7004,0.6037,0.856,0.8551,0.6019,0.6492,0.7743,0.6006,0.7197,0.348,0.6866
PILOT-050,QuantStudio-5,LOT-PILOT-A,0,39.02,2.248,0.965,0.981,pilot_lab_anonymized,0.3194,0.5279,0.6204,0.6057,0.2499,0.4303,0.3758,0.3379,0.2481,0.3823,0.4385,0.4328
PILOT-051,CFX96,LOT-PILOT-A,0,38.88,1.74,1.013,0.803,pilot_lab_anonymized,0.4813,0.3786,0.5556,0.3388,0.4801,0.2993,0.5282,0.7393,0.4554,0.4168,0.5035,0.6293
PILOT-052,LightCycler480,LOT-PILOT-A,0,33.68,1.934,0.865,0.899,pilot_lab_anonymized,0.4001,0.2793,0.287,0.368,0.1461,0.4204,0.5066,0.334,0.3931,0.5342,0.3485,0.5051
PILOT-053,CFX96,LOT-PILOT-B,0,40.97,3.28,0.933,0.918,pilot_lab_anonymized,0.4526,0.5254,0.3769,0.4794,0.3672,0.5182,0.3305,0.6186,0.5535,0.4434,0.1426,0.3496
PILOT-054,CFX96,LOT-PILOT-B,0,37.63,2.202,0.932,0.903,pilot_lab_anonymized,0.4415,0.285,0.4559,0.6174,0.5025,0.5611,0.4985,0.484,0.4316,0.5676,0.484,0.4392
PILOT-055,LightCycler480,LOT-PILOT-A,0,38.33,1.934,0.872,0.925,pilot_lab_anonymized,0.4791,0.5149,0.4235,0.5244,0.3854,0.3719,0.4777,0.3375,0.5443,0.5432,0.6749,0.4491
PILOT-056,LightCycler480,LOT-PILOT-B,1,22.4,5.723,1.021,0.781,pilot_lab_anonymized,0.7497,0.5516,0.751,0.8858,0.5585,0.9915,0.6524,0.6205,0.582,0.9402,0.6274,0.3579
PILOT-057,QuantStudio-5,LOT-PILOT-B,0,40.67,1.28,0.891,0.996,pilot_lab_anonymized,0.2879,0.3285,0.3765,0.2157,0.4058,0.2892,0.2712,0.3963,0.4893,0.3988,0.5386,0.4376
PILOT-058,LightCycler480,LOT-PILOT-B,0,33.74,2.342,0.883,0.948,pilot_lab_anonymized,0.3288,0.4853,0.4398,0.4174,0.5687,0.3632,0.5371,0.3718,0.5312,0.4698,0.4801,0.3996
PILOT-059,LightCycler480,LOT-PILOT-A,0,30.81,2.601,0.933,0.78,pilot_lab_anonymized,0.5599,0.5847,0.5702,0.5099,0.629,0.4552,0.5257,0.277,0.5331,0.323,0.2248,0.4236
PILOT-060,LightCycler480,LOT-PILOT-A,1,18.14,3.528,0.972,0.901,pilot_lab_anonymized,0.9159,0.8692,0.9418,0.888,0.877,0.7713,0.6658,0.6899,0.6186,0.8885,0.8533,0.5167
